Voltage (V),Temperature (Â°C),Humidity (%RH),Output Adjustment (N)
1.329,15,35.1,-0.387
0.69,33.9,61.4,-0.242
2.964,31.6,83.9,0.276
4.85,12.6,75.8,0.517
1.951,23.9,84.5,0.047
0.404,15.2,88.5,-0.349
1.763,20.1,20.7,-0.341
2.579,10.5,63.6,0.071
0.893,22,48.9,-0.299
3.325,26.5,80.2,0.389
4.989,28.6,37.6,0.494
2.314,29.9,88.7,0.214
1.838,35.1,63,-0.086
2.063,16.5,75.5,-0.079
0.664,13.6,26,-0.625
4.428,35.5,32.8,0.311
2.133,14.7,73.1,-0.119
1.998,39.2,21.5,-0.2
3.332,35.3,77.2,0.403
2.266,25,21,-0.151
3.276,39.4,66,0.435
0.401,12.9,45.6,-0.542
4.087,19.1,62.8,0.274
4.708,29.1,68.7,0.479
3.279,20.5,44,-0.007
4.777,37.9,27.6,0.409
0.842,12,24.9,-0.632
2.439,26.5,61.2,0.051
3.049,27.7,56.4,0.118
2.951,29.6,72,0.263
2.067,17.7,55.7,-0.143
1.757,20.9,49.6,-0.191
0.721,35.3,47.9,-0.206
2.02,15.8,21.9,-0.388
0.897,34.8,43.5,-0.234
3.698,26.9,88.3,0.449
1.123,32.9,81.1,-0.058
0.387,31.4,43.1,-0.349
2.807,16.2,61.1,0.073
3.017,27.1,79.3,0.224
4.372,36,50.9,0.48
2.927,23,21.3,-0.064
1.793,39,25.2,-0.139
4.035,23.6,55.7,0.351
2.747,14.3,87.9,0.146
0.488,21.7,68.5,-0.251
2.873,38.6,25,0.009
4.549,19.6,33.3,0.266
2.042,36,74,0.093
1.552,36.4,78.9,0.099
0.803,20.5,63.2,-0.399
0.842,12.5,65.1,-0.364
2.221,31.7,22,-0.16
3.019,19.3,78,0.15
0.495,33.5,75.2,-0.262
4.704,23.3,38.1,0.341
3.8,24.6,69.6,0.408
2.974,33.3,35,0.102
4.159,21.5,22.8,0.192
0.493,23.3,34.1,-0.415
2.437,21.3,32.5,-0.124
3.187,21,43.6,0.037
4.16,25.8,49.3,0.36
3.939,34.3,55.6,0.382
1.458,20.9,53.4,-0.258
4.71,25.7,38.9,0.318
0.709,30.1,22,-0.401
4.388,18.1,62.4,0.351
4.858,18.3,47.7,0.402
0.968,38,40.9,-0.274
3.638,31.7,80.7,0.47
0.297,27.3,72.3,-0.344
2.087,29.4,80,0.104
2.63,10.9,54.6,-0.048
2.945,28.5,29.2,0.06
4.686,25.3,68.7,0.533
3.394,26.4,34.4,0.026
2.458,20.8,50.9,0.104
4.067,12.4,24.6,0.148
4.758,15.8,77.8,0.535
0.208,38.5,28.8,-0.467
4.914,22.3,83.2,0.616
0.522,24,80.5,-0.28
4.09,11.6,52.5,0.26
1.474,11.1,72.1,-0.221
0.748,31.5,63.4,-0.258
2.255,26.1,76.2,0.069
3.255,25.3,50.2,0.211
1.967,17.3,75,0.021
0.367,32.3,52.4,-0.265
3.037,15,85.9,0.225
4.522,15.7,54,0.319
1.978,23.8,52.4,-0.266
1.16,18.6,75,-0.192
2.269,17.4,77.5,0.015
0.337,29.4,58.8,-0.338
4.12,29.5,32.6,0.285
4.149,34.7,52.7,0.374
2.981,22.5,87.8,0.288
1.83,12.2,72.7,-0.117
4.019,18.2,76.8,0.404
2.818,39.4,22.3,0.116
4.147,27.9,52.8,0.403
3.194,31.3,65.3,0.258
3.944,10.2,78.1,0.278
3.033,25.5,23.4,-0.017
2.129,11.1,79.7,-0.059
4.794,27.1,58.4,0.572
2.751,37.6,33.8,0.127
3.065,39.1,42.2,0.319
1.18,26.2,39.7,-0.193
3.166,23.7,57.2,0.16
2.901,38.4,23.6,-0.11
1.006,30.2,31.1,-0.279
0.392,11.9,76.9,-0.445
3.061,24,29.3,-0.041
3.842,17.2,36.3,0.102
2.665,24.1,51.7,0.01
1.211,23.7,56.2,-0.209
3.366,27.5,73.5,0.238
0.493,20.7,51.3,-0.492
2.265,14.9,75.3,-0.004
0.9,25.1,63.3,-0.221
1.004,34.9,27.9,-0.279
1.091,29.9,30.9,-0.368
1.995,20.2,50.6,-0.195
0.351,38.1,47.8,-0.335
2.049,37.4,72,0.156
2.607,16.3,60.7,0.062
2.468,11.2,47.2,-0.261
1.976,32.2,32,-0.134
4.212,34.8,35.9,0.303
0.812,39,60.3,-0.229
2.578,36.7,49.6,0.179
0.404,28,56,-0.332
0.449,25.9,31.9,-0.469
2.912,10.8,66.4,0.068
2.873,17.4,79.7,0.123
4.402,23.8,38.1,0.287
2.834,28.9,54.4,0.237
4.803,26.7,88.3,0.657
0.339,32.3,43.3,-0.356
0.58,18.4,61.7,-0.391
0.316,26.9,26.3,-0.629
1.008,12.6,62.4,-0.463
2.752,22.4,26.3,-0.123
3.263,32.5,87.1,0.466
0.323,30.8,70.1,-0.237
4.735,39.7,75.2,0.766
4.227,18.3,69.3,0.326
1.553,24.9,61.3,-0.053
0.478,19.9,51.5,-0.496
0.932,23.2,80.1,-0.17
0.722,35.7,87,-0.064
0.704,30.5,54.9,-0.288
2.641,36.5,85.2,0.386
1.305,16.1,60.8,-0.309
1.855,36.2,57.7,-0.046
4.949,11.8,51.8,0.368
3.453,36.7,34.7,0.211
4.75,19.9,20.3,0.419
0.799,19.4,36.9,-0.428
1.972,25.4,55.7,-0.094
2.818,38.2,46.6,0.126
0.476,11.4,51.4,-0.628
0.121,20.6,88.6,-0.378
3.385,35.7,44.5,0.262
3.245,21.9,51.7,0.198
2.113,16,29.3,-0.215
2.499,22.7,23.4,-0.145
2.136,21.6,74.3,-0.001
0.218,37.5,59.9,-0.268
1.743,32.9,73.2,0.018
0.968,25.2,30.5,-0.316
0.582,39.7,60,-0.196
4.788,24,37.8,0.382
3.037,11.7,36,-0.206
3.67,17.9,20.8,0.007
1.645,23.1,29.1,-0.253
2.026,14.7,41.6,-0.293
1.261,38.4,28.2,-0.26
0.575,33,89,-0.07
0.977,18,41.6,-0.49
4.008,27.7,29.1,0.277
3.42,31.6,33.9,0.143
2.78,38.2,61.1,0.224
2.428,36.4,24.5,-0.084
4.62,25.5,80.4,0.6
0.456,33.2,87.3,-0.017
1.475,26.9,37.3,-0.21
1.815,26.6,51.5,-0.157
3.934,13.4,21.5,0.085
4.963,13.8,64.8,0.439
1.279,25.9,49,-0.171
4.384,18.1,38.9,0.293
4.17,10.6,34.5,-0.035
1.201,31.7,65.8,-0.164
2.057,11,49.1,-0.186
2.107,27.9,32.6,-0.129
4.893,26.2,68.2,0.53
0.986,39.1,59.6,-0.145
4.016,24.5,80.1,0.353
1.738,11.9,28.2,-0.397
3.681,26.6,75,0.488
2.158,35.2,67.1,0.159
2.934,39.9,28.1,0.236
4.18,22.9,68.6,0.452
4.04,19.6,50.9,0.31
4.345,37.2,86.1,0.77
0.392,15.7,29.9,-0.596
3.491,28.5,65,0.299
0.786,22.2,46.7,-0.336
2.138,11.2,87,0.047
2.788,20.4,43.1,-0.047
2.073,18,87.4,-0.004
2.646,30.6,83.1,0.258
4.983,38.5,38.9,0.618
0.763,18,76.2,-0.246
3.41,34.3,89.7,0.402
2.04,11.7,37.7,-0.191
0.752,26.1,50.6,-0.368
0.878,12.1,56.4,-0.435
4.751,38,40.6,0.488
4.41,33,21.1,0.452
4.545,29.7,35.4,0.395
4.959,34.7,39.7,0.495
1.121,29.4,51.1,-0.183
1.842,39.1,32,-0.042
3.379,31.4,81.1,0.386
2.471,37.7,69.3,0.26
2.15,25.5,26,-0.226
1.853,13.5,65.5,-0.192
3.01,25.8,65.8,0.088
2.92,13.8,86.9,0.09
0.891,27.8,20.2,-0.352
2.412,24.5,37.4,-0.004
2.812,28.7,84.9,0.277
2.894,10.3,85.2,0.191
1.13,15.8,70.4,-0.272
3.737,24.7,73.6,0.35
0.223,38.5,26.4,-0.436
1.839,21.5,56,-0.143
3.923,22.7,36.2,0.182
2.863,31.4,32.7,0.107
1.38,28.1,76.7,-0.052
3.505,19,29.5,0.074
2.88,22.3,52.8,0.115
4.002,16.5,85.7,0.413
3.702,39,33,0.247
3.09,13.9,88.5,0.132
2.492,21.2,89.6,0.166
0.753,10.8,58.9,-0.455
1.381,16.7,31.9,-0.393
2.154,33.4,42.1,-0.026
3.037,16,49.7,0.145
2.617,12.4,41.7,-0.211
1.512,24.2,39.6,-0.357
0.132,10.3,88.1,-0.413
2.532,12.5,30.7,-0.234
1.5,34.2,71.3,0.014
3.7,33.1,20,0.2
0.217,37.5,61.7,-0.209
2.966,35.6,84.1,0.294
4.713,30.5,40.2,0.421
0.955,11.6,33,-0.507
2.411,33.5,65.6,0.184
0.548,35.4,69.9,-0.077
3.166,34,68.2,0.362
2.798,25.3,42.4,0.022
2.096,17,37.7,-0.267
2.655,35.4,86.9,0.291
4.493,31.8,84.6,0.61
1.062,39.4,52,-0.101
0.211,14.7,79.2,-0.402
4.322,16.8,51.7,0.225
2.928,16.4,49.7,-0.024
4.464,33.8,31,0.43
3.025,15.6,49.8,0.028
4.07,12,57.6,0.25
2.205,40,21.6,-0.032
3.774,10.7,51.1,0.199
4.574,35.1,74.7,0.651
2.903,21,67.6,0.109
0.986,35.2,64.5,-0.174
1.417,26.6,83.7,-0.02
1.073,37,21.3,-0.431
1.31,37.8,59,-0.074
1.601,10.3,75.1,-0.212
2.82,12.3,57.9,-0.092
2.981,17.5,42.7,-0.062
2.19,30.1,29.5,-0.073
3.116,36.6,82.1,0.411
0.5,23.8,53,-0.392
0.53,28.2,81.5,-0.189
0.942,15.7,61,-0.345
2.639,34.1,67.2,0.267
1.149,39,76.3,0.007
1.488,18.1,66.1,-0.264
2.062,24.8,47.9,-0.019
4.078,12.6,56,0.24
0.168,26.8,76.2,-0.347
3.282,25.1,46.2,0.076
3.377,14.3,47.2,0.074
4.013,23.3,26.7,0.163
4.67,20,84,0.633
0.199,25.7,26.4,-0.588
0.854,27.6,65.4,-0.268
4.442,10.3,48.9,0.281
2.347,32.8,48.4,0.086
2.866,31.4,67.6,0.234
3.349,21,24.7,0.037
3.427,11.6,61.6,0.108
4.666,32.6,74,0.641
4.985,38.7,78,0.832
3.629,17.2,31.9,0.089
1.507,19.7,82.8,-0.096
4.411,15.5,65.9,0.434
0.341,27.3,81.7,-0.369
1.232,14.6,54,-0.235
4.497,20.7,57.9,0.311
1.355,30.9,84.3,-0.03
1.181,26.8,83,-0.083
0.777,21.6,51.4,-0.379
4.31,22.6,39.2,0.334
2.55,26.9,47.5,-0.036
3.407,10.2,47.1,0.032
1.271,12.4,40.1,-0.45
3.814,36.4,38.8,0.336
3.824,12.3,80.3,0.286
1.632,31.2,24.9,-0.232
2.112,37.6,67.4,0.108
1.127,18.1,32.1,-0.459
4.885,21.1,44.1,0.423
3.263,27.1,24.3,0.092
4.679,36.5,38.9,0.465
1.587,38.3,73.8,0.026
3.931,32.2,82,0.549
3.853,12.6,35.5,0.072
3.489,30.1,52.4,0.302
4.832,22.3,52.9,0.409
2.028,24.1,81.2,-0.036
0.741,11.5,73.4,-0.396
3.391,15.7,55.9,0.076
3.674,33.7,67,0.403
2.918,23.6,79.3,0.184
1.113,19,20.7,-0.447
2.572,21.5,48.2,-0.044
1.63,35.6,83.5,0.107
2.195,32.5,71.8,0.131
3.262,18.2,58,0.134
3.752,13.5,57.1,0.17
1.238,17.6,44.3,-0.329
2.086,37.6,56.4,0.035
1.419,27.4,65.9,-0.043
1.073,26,49.3,-0.291
3.939,27.9,70,0.351
4.555,21,80.3,0.532
1.914,34.2,30.8,-0.164
3.781,25.7,51.6,0.304
4.495,13.5,48.6,0.387
4.246,13.9,68.1,0.289
0.996,26.1,37.5,-0.336
4.786,38.1,64.8,0.574
1.946,19.3,81.4,0.012
1.762,36.1,49.3,-0.084
0.406,32.9,83.8,-0.202
2.482,17.4,89.5,0.063
0.634,11.1,27.4,-0.589
1.318,13.1,36.3,-0.374
1.653,31.9,86.5,0.083
4.063,16,87.1,0.365
4.39,21.1,26.8,0.302
1.582,25.1,21,-0.365
4.308,31.8,31.3,0.228
4.3,13.4,89.7,0.465
3.847,22.2,32.6,0.099
0.819,24.6,55.2,-0.265
3.483,26.2,79.4,0.337
4.731,34.6,21.4,0.429
3.444,15.2,62.3,0.222
1.725,34.2,39.4,-0.176
2.553,30.8,80.4,0.192
3.264,26.7,39.8,0.115
2.602,31,68.1,0.248
0.688,22.4,67.2,-0.335
1.629,14.2,35.5,-0.384
4.032,30,22.4,0.242
4.321,25.7,48.6,0.335
0.773,29.2,40.2,-0.345
4.767,20.1,76.6,0.46
1.711,37.2,76,0.205
3.345,27.6,52,0.138
3.784,12.6,62.5,0.179
4.079,23.5,62.3,0.361
4.734,32.7,77.9,0.759
1.633,33.8,49.8,-0.153
4.307,24.8,39.3,0.405
0.745,36.8,38.6,-0.252
3.555,18,57.5,0.199
3.736,22.3,51.4,0.178
3.421,37,50.8,0.337
1.336,36.9,26.4,-0.268
4.378,30.6,70.3,0.596
0.927,35.8,35,-0.33
0.363,12.7,33.8,-0.637
3.616,35.9,48.9,0.299
2.43,19.6,35.9,-0.188
4.261,15.3,60.9,0.347
1.979,17.2,46,-0.175
0.925,22.5,51.4,-0.273
4.199,17.5,57.6,0.214
2.79,19.6,34.2,-0.022
1.027,14,30.9,-0.375
3.63,18.9,81.6,0.3
2.604,27.2,50.4,0.14
3.061,23.3,48.8,0.076
2.358,20.4,22.5,-0.281
4.161,32.4,54.9,0.415
4.165,36.8,58.8,0.547
3.576,32.7,59.1,0.296
0.616,20,69.5,-0.359
4.21,32.3,32.4,0.357
3.388,14.6,37.7,0.012
3.515,13.9,76.8,0.255
1.879,20.4,86.3,0.023
4.408,34.2,29.5,0.395
3.654,17.4,54.8,0.157
0.652,11.9,35,-0.564
2.098,14,24.2,-0.366
4.443,35.8,42.8,0.525
0.331,29,30.1,-0.525
4.811,17.6,69.7,0.543
3.428,26.7,57.4,0.228
3.194,25.8,30.1,0.057
1.426,29.7,20.6,-0.34
1.319,17,76.6,-0.234
4.716,35.9,32.3,0.376
1.562,19.3,62.4,-0.235
3.9,30.8,43.6,0.29
2.026,10.5,61,-0.174
0.782,21.2,42.1,-0.371
0.153,20.6,26.1,-0.655
2.767,26.3,35.6,-0.05
4.881,12.2,33.2,0.192
1.909,33.7,50,-0.007
1.85,16.5,66.1,-0.065
1.786,30.3,38.5,-0.084
2.651,34.1,20.8,0.011
2.259,26.9,56.3,0.034
4.412,32.2,62.4,0.601
2.577,29.9,87.4,0.268
2.588,20.7,61.3,0.063
0.778,34.3,53,-0.252
4.915,18.8,60.1,0.403
1.325,27.1,85,-0.073
0.459,32.4,78,-0.195
3.349,21.4,42.6,0.1
3.017,19.1,36.6,0.074
2.134,23.8,38.4,-0.139
2.169,34.5,55.3,0.114
3.947,37.9,72.1,0.507
1.059,26.4,55.2,-0.264
4.119,29.8,24.7,0.179
3.279,37.1,70.7,0.343
2.153,13,76.4,-0.031
2.344,17,40.3,-0.159
1.358,31.3,66.5,-0.036
3.785,34.7,49.9,0.363
2.613,35.7,82.2,0.273
1.672,22.5,79.2,0.063
3.021,12.7,56.8,0.011
4.979,23.1,68.4,0.627
2.233,16.9,81.8,0.005
4.611,18.7,54.7,0.418
1.791,33.2,41.9,-0.054
0.368,12.3,72.8,-0.429
1.101,34.8,35.4,-0.373
2.152,22.8,47.2,-0.105
1.176,27.9,80.6,-0.021
0.101,12.7,70.7,-0.473
4.584,20.1,48.3,0.382
4.235,12.7,35,0.063
3.737,38.8,44.9,0.324
0.922,34.2,39.9,-0.254
0.69,23.8,32.3,-0.442
0.431,16.7,72,-0.326
3.648,38,37.6,0.29
4.651,20.3,51.8,0.412
2.21,14.8,47,-0.174
0.684,26.9,88.7,-0.2
2.611,38.3,47.4,0.029
1.809,10.1,25.6,-0.388
1.937,17.1,26.3,-0.301
3.145,38.2,61.4,0.287
3.622,15.1,62,0.104
0.642,13.4,49.3,-0.46
0.274,27.1,50.2,-0.436
4.972,35.9,23.8,0.5
1.24,24.3,56.2,-0.135
0.364,39.8,55.3,-0.36
1.03,30.4,30.5,-0.372
0.291,12.2,27.3,-0.694
2.02,39.8,28.7,0.018
4.032,22.2,27.1,0.082
1.772,18.6,62.7,-0.049
2.276,26.7,33.8,-0.102
3.41,19.1,37.6,0.056
2.594,12.6,32.2,-0.204
4.321,10,87,0.377
4.344,23.5,79.8,0.555
0.149,35.1,36.1,-0.492
3.912,27.2,42.9,0.286
2.358,40,34.7,0.026
4.945,18.6,54.4,0.409
2.468,18.4,21.4,-0.086
4.936,14.8,67,0.491
3.797,14.9,56.6,0.222
1.318,18.6,82.9,-0.079
2.738,33.8,31.5,-0.028
4.961,37.2,76.3,0.833
4.302,39.3,75.4,0.505
0.577,17,28.9,-0.609
3.561,36.4,47.9,0.293
1.793,19.8,31.9,-0.255
0.134,13.4,37.8,-0.639
2.077,36.1,38.4,-0.04
1.25,29.1,58.9,-0.165
4.112,14.9,48.8,0.166
1.753,22.9,86.3,-0.064
4.155,18.6,28.8,0.197
0.103,32.1,88.2,-0.183
1.608,23.6,36.1,-0.183
1.282,39.7,74.1,-0.016
1.244,11.6,43.7,-0.382
0.434,20.7,30,-0.57
1.017,24.5,80.1,-0.092
2.822,25.1,41.6,0.074
1.528,19.5,66.1,-0.158
2.145,31.9,59.7,0.03
1.947,36.2,53,0.064
4.392,38.2,54.7,0.566
4.536,34.2,71.3,0.571
2.515,35.5,26.1,-0.078
1.718,26.5,66.8,-0.072
0.623,34.8,82.7,-0.038
4.772,19.1,24,0.323
0.395,22,29.8,-0.608
1.558,19.5,70.2,-0.201
1.561,24,50.6,-0.131
1.67,18.6,48.2,-0.296
0.905,38.8,29.6,-0.258
3.937,19.4,55.5,0.228
0.7,12.9,28.9,-0.506
3.211,25.8,53.4,0.129
0.707,11.7,73.5,-0.317
0.446,13.3,38.1,-0.578
4.556,16.6,53.7,0.358
1.032,23.9,89.4,-0.206
4.124,23,68.1,0.285
2.769,34,78.9,0.277
0.481,32.2,49,-0.324
4.782,22.8,73.8,0.497
1.31,20,22.8,-0.478
4.312,19.5,28.6,0.228
0.927,33.2,34.2,-0.283
4.284,11.6,48.1,0.206
0.165,10.4,79.2,-0.428
2.608,33.9,44.2,0.023
3.87,24.3,65.8,0.328
4.68,13.9,69.7,0.506
4.555,17.1,61,0.39
4.116,38,45,0.435
4.452,35.8,60.4,0.666
1.076,31.3,44,-0.322
1.493,24.5,25.9,-0.287
1.516,25.6,89.5,0.09
1.948,39.3,28.9,-0.089
2.027,39,25.1,-0.036
2.768,16.5,81.5,0.077
0.883,34.3,41.1,-0.309
3.487,15.9,65.5,0.203
0.921,16.4,43,-0.397
1.621,30.3,47.4,-0.08
2.566,22.2,38.3,0.005
4.003,37.9,44,0.396
3.723,12.7,48.7,0.175
3.263,25.3,70.4,0.24
0.863,37.6,55.8,-0.127
2.781,37.1,86,0.368
0.528,14.7,22.9,-0.611
1.949,21,55.2,-0.103
2.126,28.6,60.9,-0.065
0.295,14.8,84.4,-0.427
1.443,39,23.4,-0.199
4.783,37.4,60.1,0.547
4.773,15,79.8,0.545
1.826,13.6,36.9,-0.271
0.311,12.6,81.3,-0.389
0.978,37.3,21.3,-0.381
2.022,15.8,71.3,-0.012
4.744,22.5,85.3,0.702
0.792,23.5,66,-0.269
3.841,28,50.7,0.327
0.633,12.2,23.1,-0.626
4.908,16.8,84.4,0.598
1.97,37.9,52.9,0.032
3.899,37.3,22,0.261
1.779,33.4,68.3,0.077
3.176,10.6,53.7,0.127
1.041,19.8,28.7,-0.52
0.816,28.8,35,-0.379
4.697,18.3,24.5,0.186
4.596,37.3,60.2,0.673
4.449,29,63.5,0.468
3.165,12.2,55.4,-0.04
4.061,37.3,77.2,0.603
0.438,38.7,80.3,-0.037
1.74,12.3,63.1,-0.18
1.637,26,20.9,-0.298
3.215,19.1,68.7,0.198
1.844,21.8,49.3,-0.096
0.828,15.4,59.6,-0.426
3.023,27.3,65.4,0.199
4.09,38.7,44.5,0.405
1.972,25.1,84.2,0.008
0.748,12.5,29.4,-0.595
1.064,28.6,67,-0.111
1.264,20.2,20.3,-0.415
1.569,35.7,84.7,0.127
3.25,23,27.9,0.027
3.045,15.8,26.6,-0.074
3.511,15.7,43.3,0.036
1.876,33.1,46.1,-0.079
4.138,18,35,0.192
1.1,33,61,-0.131
2.398,16.2,51,-0.087
4.025,19.7,22.4,0.107
0.983,24,42.4,-0.37
0.638,38.3,76.7,0.052
4.43,38,68.3,0.653
1.78,16.2,70.7,-0.108
3.451,20.7,68.9,0.23
0.224,14.5,41.8,-0.624
3.481,25.3,27,0.078
1.649,23.8,39.1,-0.222
0.373,37,78.2,-0.258
3.088,37.9,88.6,0.361
1.28,21.5,54.6,-0.288
1.995,24.8,20.7,-0.239
0.495,36.9,29.8,-0.395
0.821,34.2,42.5,-0.207
1.56,10.1,60.5,-0.359
0.54,19.6,25.3,-0.607
4.563,22.7,86,0.646
0.13,16.9,45.6,-0.57
2.471,16,83.9,0.118
0.704,11.1,74.6,-0.273
1.608,29.3,72.9,-0.056
4.638,17.9,62.5,0.414
0.892,11.6,63.9,-0.4
4.833,16.9,64.7,0.361
1.108,34.1,64,-0.133
3.734,35.5,58.8,0.44
2.779,24.5,89,0.273
4.434,22.5,71.3,0.499
2.815,39.3,74.4,0.309
2.719,16,81.1,0.076
1.058,16.5,35.1,-0.384
0.915,18.8,25.9,-0.524
4.591,15.2,53.8,0.354
1.706,21.4,56,-0.157
1.923,37.3,78,0.221
3.823,28.5,51.1,0.354
1.76,22.4,60,-0.189
4.765,38,56.9,0.558
3.716,11.5,22.7,0.001
3.027,16.3,63.1,0.081
4.416,27,78,0.52
0.343,28.5,31,-0.441
1.36,11.2,61.6,-0.299
2.379,22.1,61.6,0.007
1.212,29.5,31.5,-0.266
3.745,30.9,28.6,0.182
4.604,29.1,88.6,0.733
2.176,19.6,47.6,-0.17
1.776,12.8,35.9,-0.304
4.812,22.8,32,0.422
2.28,13.9,66.7,-0.14
2.496,38.4,62.7,0.18
1.823,24.3,65,-0.01
4.557,19.5,26.2,0.295
2.888,33,82.5,0.312
3.835,24.9,47.2,0.215
4.078,19.3,41.9,0.266
1.775,34.4,52.4,0.02
2.225,36,47.3,-0.017
4.258,30.2,80.5,0.496
1.88,11.4,85,-0.074
3.99,27,41.2,0.305
4.711,32.9,80.5,0.659
3.154,14.1,74.7,0.179
3.734,16.9,85.2,0.306
4.045,36.5,37.2,0.254
4.241,10.6,60.4,0.235
2.036,32.6,39.2,-0.068
0.351,24.2,77.7,-0.313
2.069,23.4,20.4,-0.308
3.401,10.2,59.5,-0.011
2.307,34.6,43.7,0
3.77,20.8,42.6,0.22
1.849,26.2,65.1,0.02
3.21,30.3,79.6,0.402
1.013,31.1,62.6,-0.214
3.772,38.7,79.7,0.482
2.774,25.9,38.5,0.031
1.1,22,56.4,-0.246
1.53,38.6,51.5,-0.03
3.768,29.3,20.8,0.05
2.465,18.9,59,-0.066
1.159,13.8,66.3,-0.3
4.84,35.3,61.4,0.652
3.604,20.9,71.5,0.326
4.79,29.8,60,0.563
2.193,24.1,24.7,-0.18
2.428,16,28.2,-0.209
4.5,28.1,61.8,0.524
2.673,11.8,39.2,-0.136
3.566,22.4,25.6,0.068
1.336,26.4,50.1,-0.232
2.289,23.1,58.8,-0.013
0.705,32.5,43,-0.295
1.109,34.8,70.4,-0.065
0.105,33.1,65.1,-0.303
0.292,11.2,43.3,-0.546
4.889,15.8,72.8,0.513
1.288,26.1,65.4,-0.187
3.35,38,64.6,0.417
4.212,35,58.7,0.418
2.798,35.3,20.8,-0.037
0.85,19.1,68.8,-0.278
3.668,22.9,46.3,0.22
3.041,24.1,86,0.217
3.683,14.7,77.3,0.251
3.872,10.9,61.1,0.159
4.88,38.4,37.7,0.524
2.91,17.2,34.3,-0.027
1.774,17.2,43.8,-0.219
3.277,12.5,53.4,0.046
0.435,37.9,40.7,-0.358
4.497,27.4,56,0.386
0.685,30,31.6,-0.334
1.706,37.3,88.4,0.186
4.097,20.4,27.6,0.126
3.027,28.6,85.2,0.353
2.029,11.2,84,-0.066
2.42,15.6,56.8,-0.09
4.287,34.9,70.7,0.582
1.766,33,50.5,-0.101
4.361,20.5,64.1,0.381
0.532,21.3,43.8,-0.456
3.906,26,41.1,0.222
4.253,10,60.5,0.287
0.991,17.2,54.9,-0.262
2.209,16.2,60.6,-0.131
0.911,17.5,40.1,-0.526
3.562,34.2,45.7,0.183
2.723,18.4,25.9,-0.149
3.213,15.7,23.7,-0.115
1.063,25.1,37.7,-0.338
1.138,36,25.2,-0.28
0.303,17.2,27.3,-0.711
1.678,12.4,76.9,-0.247
2.843,20.7,22.7,-0.096
4.304,32.4,66.1,0.522
3.368,26.5,39.1,0.113
2.233,34.5,81,0.114
4.77,38.8,53.9,0.635
3.624,33.8,41.4,0.333
4.658,28.1,56.2,0.507
2.685,24.8,46.7,-0.024
1.369,11.2,59.5,-0.314
0.359,39.5,28,-0.462
3.658,21.5,89.8,0.448
0.694,14.6,49.8,-0.462
1.584,30,44.4,-0.25
2.709,18.5,69.7,0.06
2.866,27.6,45.5,0.1
3.043,27.6,78.3,0.259
0.915,23.4,51.8,-0.338
1.961,35.1,70.4,0.034
3.124,17.9,27.5,-0.03
4.852,23.5,79.2,0.569
3.665,26.1,71.5,0.244
4.621,29.9,34.8,0.379
3.835,33.5,30.2,0.302
2.999,21.8,42.1,0.009
1.041,29.4,88.3,0.031
3.367,14.5,38,0.03
3.155,38,51.9,0.287
3.052,21.5,22.1,-0.071
2.5,31.9,47.8,0.055
2.69,10.6,60,-0.069
1.739,16.2,86.7,-0.072
2.645,24.6,56.2,0.083
1.068,36.3,77.3,-0.084
4.045,25.8,58.3,0.305
1.01,37.9,22.9,-0.361
0.516,24.5,42.1,-0.339
2.238,24.7,60.3,0.023
3.326,13.6,86.5,0.249
2.245,34.1,80.1,0.138
1.456,17.4,36,-0.324
2.835,37,35.4,0.108
1.8,37.3,34.1,-0.086
4.671,38.3,84.6,0.691
4.621,25.6,79.7,0.587
2.562,30.3,74.2,0.165
1.707,33.4,47.5,-0.125
3.712,13.9,55.3,0.195
0.28,28,52.5,-0.478
2.426,11,37.7,-0.188
1.748,24.9,55.4,-0.09
4.611,14.6,22.1,0.135
0.159,15.5,29.2,-0.708
2.809,21,82.1,0.171
3.729,23,72.6,0.353
2.477,28.7,49.6,0.023
0.518,12.2,56.2,-0.472
4.865,25.1,45.9,0.542
2.638,15.5,71.9,0.017
3.11,27.2,74.9,0.183
1.259,29.1,73.4,-0.049
2.469,26.7,70.6,0.198
2.203,32.1,34.3,-0.047
0.467,20.1,43.7,-0.541
0.62,33,52.9,-0.288
4.204,23,43.2,0.231
1.275,24.5,72.8,-0.104
1.055,29.4,43.1,-0.347
2.574,10.6,29.7,-0.246
3.867,29.6,47.9,0.259
0.404,28.6,88.6,-0.184
2.926,19.3,35.8,-0.061
0.684,12.6,62.9,-0.414
0.279,12.7,50.3,-0.565
0.358,37.7,25,-0.476
4.187,30.7,54.2,0.447
0.678,13.8,69.2,-0.383
0.321,20.7,55.9,-0.499
2.246,27.8,81,0.244
4.236,35.1,40.2,0.423
1.386,11.3,26,-0.487
2.166,17.1,85.6,0.103
0.296,36.7,46.5,-0.249
2.3,10.3,60.3,-0.143
2.93,16,75.4,0.14
2.897,38.8,42.7,0.131
1.729,28.4,70.1,-0.027
1.646,17.9,29.5,-0.354
0.622,12,40.4,-0.544
1.897,10.8,30.1,-0.345
0.588,17.3,76.8,-0.297
3.856,36.4,35.6,0.325
4.835,22.5,70.2,0.482
4.853,31.6,86,0.67
4.339,37.5,56.9,0.5
3.044,22.2,57.8,0.106
3.534,15.7,52.3,0.178
1.498,25.5,42.8,-0.29
3.191,37.2,53.3,0.259
2.333,34.1,62.2,0.166
2.462,12,89,0.042
3.813,30.8,85.6,0.522
1.481,27.2,80.4,-0.037
1.658,37.2,82.2,0.127
4.631,13.7,52.7,0.315
0.375,26,66,-0.302
2.48,36.4,82.7,0.196
4.573,22.3,47.5,0.357
3.091,24.5,87.3,0.315
2.777,12.1,49.1,-0.051
1.324,18.3,62.1,-0.167
1.782,19.7,69.7,-0.118
4.275,38.4,86.5,0.745
2.84,18.5,37.1,-0.094
2.622,23.8,72.2,0.19
0.588,30.1,56.5,-0.258
0.179,14.9,38.8,-0.667
4.822,24.6,74.4,0.598
1.947,32.2,58.7,0.002
3.056,36,66.3,0.334
0.491,28.8,42.6,-0.412
3.447,30.1,53.7,0.244
4.67,13.8,63.2,0.456
2.921,38.4,48.3,0.205
0.718,14,33.9,-0.506
2.95,33.2,87.3,0.347
3.855,17.9,55.8,0.312
2.091,38,71.4,0.121
4.411,31.6,48.8,0.411
3.279,32.6,44.9,0.283
4.506,16.6,48.5,0.287
3.155,23.3,48.6,0.187
0.743,28.5,58.1,-0.231
1.617,33.1,58,-0.063
1.089,13.1,54.8,-0.468
4.553,38.9,29.4,0.446
3.826,36.7,54.7,0.411
3.414,18.1,31.8,0.081
1.575,34.7,28.8,-0.115
1.002,25.5,85.3,-0.152
3.807,23.9,62.3,0.352
2.423,19.4,66.2,0.048
1.206,27.4,48.1,-0.191
3.121,31.9,83.6,0.386
0.298,22.3,64.7,-0.491
1.698,28.9,73.8,-0.01
2.396,31,45.8,-0.04
0.825,31.3,87.2,-0.096
4.925,11.6,77.4,0.537
1.125,35.8,79.8,-0.003
0.739,23.7,32.1,-0.397
1.097,17.9,39,-0.39
3.868,17.3,40,0.082
2.185,24.5,39,-0.249
2.871,36.6,79.9,0.347
0.203,21.4,22.2,-0.645
0.269,32.5,25.3,-0.544
2.285,12.9,39.2,-0.303
4.102,24.3,34,0.197
4.438,39.8,36.2,0.457
0.525,33.1,75.9,-0.151
2.738,16.3,59.4,0.017
4.575,25,20.4,0.347
2.001,17,50.1,-0.231
4.165,22.3,48.6,0.343
0.755,33.4,28,-0.373
4.683,33.1,67.3,0.639
3.782,16.8,69.1,0.248
4.713,37.7,70.5,0.726
3.415,27.8,71,0.331
1.881,21.4,20,-0.344
4.697,25.1,86.8,0.624
1.45,28.2,77,-0.055
1.728,26.8,83.3,0.055
3.534,24.6,21.1,-0.001
3.85,25.1,85.4,0.447
4.654,15.3,76.7,0.487
1.104,34.4,78.6,-0.041
4.01,26.3,26.5,0.265
3.719,13.9,71.7,0.28
0.413,33,87.2,-0.152
1.997,38,67.5,0.128
1.486,38.4,59.9,-0.005
1.592,21.1,86.2,-0.019
4.916,14.1,51,0.288
3.25,25.6,62,0.201
3.617,13.4,53.3,0.05
4.885,38,85.3,0.847
1.948,15.5,25.3,-0.332
4.029,17.6,55.1,0.248
2.229,22.2,68.1,0.053
4.361,21.5,75.4,0.485
0.985,33.8,60.8,-0.217
4.744,23.7,83.6,0.6
1.172,15.1,85.9,-0.202
1.698,18,24.5,-0.445
3.805,25.3,48.2,0.22
2.029,14.4,21.6,-0.351
3.08,28.3,43.1,0.109
2.278,27,57.6,-0.061
3.738,31.4,83.8,0.538
1.219,38.1,79.3,0.016
0.386,37.4,28.9,-0.402
1.57,38.4,26.5,-0.149
2.424,17.3,61.2,-0.076
0.923,13.9,57.2,-0.368
1.839,19.1,38.6,-0.267
2.06,36.9,83,0.151
0.381,39.2,84.9,-0.079
2.958,35.8,48.2,0.265
4.433,13.3,82.3,0.467
0.844,38.4,46.9,-0.167
3.029,22.7,71.6,0.165
3.357,10.3,53.3,-0.039
2.155,23.3,28.6,-0.118
3.535,11.4,85,0.349
2.113,26.3,51.8,0.022
2.573,20.2,71.4,0.057
0.136,24.2,45.7,-0.56
3.489,28.4,21.3,0.035
3.341,36.1,27,0.08
0.288,29.9,54.7,-0.375
1.904,23,68.3,0.033
4.897,34.6,43.4,0.535
2.162,37.2,68.7,0.163
2.56,13.6,68.9,0.061
4.559,26,69.3,0.498
3.615,18.5,54.5,0.282
2.952,11.4,84,0.224
4.009,30.1,54.2,0.367
4.335,35.9,51.5,0.455
2.339,14.9,34,-0.178
2.428,34.4,41.5,0.02
1.992,35.6,23,-0.188
4.837,37.4,64.3,0.727
3.516,18,37.4,0.131
0.508,37.1,41.3,-0.313
4.329,19.6,74,0.369
2.455,26.6,42.9,-0.09
0.437,11.5,37,-0.607
2.794,11.3,31.8,-0.194
2.144,31.6,74.2,0.099
4.401,23.3,29.1,0.31
1.1,17.7,51.8,-0.307
4.15,15.7,55.5,0.333
2.833,30.1,68.1,0.159
0.368,10,64.3,-0.522
4.862,34.2,76.8,0.736
2.612,12.4,23.1,-0.216
1.525,15.7,40.8,-0.257
2.4,21.6,39.6,-0.085
4.304,24.5,30.2,0.349
1.594,20.6,40.2,-0.247
1.044,19.6,41.7,-0.334
0.732,38.9,56.5,-0.198
1.56,29.2,66.5,-0.063
3.922,10.7,46.7,0.17
2.411,22.9,70.4,0.144
1.215,36.3,43.5,-0.14
0.914,19,40.3,-0.43
1.73,12.8,57.9,-0.168
4.706,32.8,21.7,0.268
1.781,28.2,25.6,-0.305
4.942,27.1,49.3,0.54
2.478,11.6,86,0.042
0.978,14.2,70.5,-0.28
4.467,28.7,26.2,0.315
2.356,16.2,79.2,0.058
3.577,25.1,71.3,0.282
4.92,26.3,62.8,0.59
0.346,18.5,77.4,-0.309
0.574,38.5,48.3,-0.198
3.63,35.3,35.5,0.357
1.481,31.7,55.8,-0.096
1.003,12.3,58.4,-0.371
0.293,13.2,57.7,-0.597
0.207,24.8,59.6,-0.439
3.895,14.8,86.4,0.349
0.759,39.3,83.2,0.013
2.392,14.8,81.3,0.002
3.069,24.6,76.1,0.28
2.199,20.9,86,0.079
0.233,29.2,26.9,-0.536
3.939,13.9,38.6,0.132
0.152,22.9,54.7,-0.487
3.833,18.2,79.3,0.324
4.477,36.6,55.4,0.453
2.221,11.2,72.4,-0.094
2.724,37.4,29.7,0.043
2.437,35,37.7,0
2.007,18.9,71.2,-0.033
4.448,33.7,31.5,0.417
4.48,10.9,44.6,0.24
1.746,39,38.5,-0.019
3.114,25.8,44.5,0.132
4.642,19.1,69.6,0.453
4.814,20.9,45.7,0.377
2.594,12,58.9,-0.051
2.319,39.7,27,0.024
1.466,11.2,76.4,-0.143
4.798,29.6,45.9,0.545
0.8,23.3,65.4,-0.307
2.941,38.5,70.8,0.322
1.484,17.4,34.7,-0.322
1.467,26,81.9,0.016
2.084,24.5,63.1,0.024
4.994,31.1,50,0.557
0.369,12,32.8,-0.705
2.935,15.8,86,0.125
0.505,16.4,72.9,-0.357
0.857,32.1,34.6,-0.317
2.254,15.7,43.6,-0.229
2.601,27.2,76.7,0.178
1.368,16.5,68.7,-0.186
1.651,35.8,73.6,-0.001
0.526,38.3,50.9,-0.202
1.586,25.6,70.2,-0.095
4.836,20.6,47.1,0.472
4.729,17,34.8,0.263
1.741,11.5,64.3,-0.267
2.897,18.1,88.3,0.179
4.557,29.6,41.7,0.411
0.13,26,52.3,-0.472
4.072,38.3,67.2,0.523
4.747,21.9,57.9,0.475
0.547,30.8,79,-0.196
0.891,24.7,73.3,-0.212
4.808,25.4,24.1,0.251
2.734,18,89.9,0.196
0.17,23.6,72.7,-0.371
1.362,24.1,80.5,-0.004
2.305,31.2,65.6,0.054
3.495,38.2,79.9,0.39
3.692,19.9,27.9,0.108
4.978,11.3,44.3,0.347
1.509,24.9,81.3,-0.093
2.737,26.3,34.1,-0.096
2.713,15.1,25.5,-0.102
2.088,32.8,75.2,0.192
0.929,39.5,78.5,-0.151
4.89,38.4,31.4,0.496
4.281,15.9,79.8,0.497
2.542,36.3,68.1,0.188
3.056,31.1,56.4,0.18
1.214,23.6,78.1,-0.145
2.765,26.2,49.3,0.005
3.505,35.5,33.6,0.139
2.624,24.4,39.9,0.021
4.952,21.2,55.4,0.387
3.096,24.8,57.2,0.166
1.918,27.4,76.4,0.084
3.884,15.7,75.4,0.238
0.935,37,60.7,-0.186
1.984,30.2,74.7,0.133
1.8,29,33.4,-0.156
2.216,13,23.5,-0.34
3.931,28.1,81.2,0.533
2.472,13.6,25.3,-0.183
3.991,12.4,37.3,0.122
2.925,25.8,68.7,0.141
1.776,22.1,48.7,-0.201
4.069,27.7,81.3,0.512
1.268,12.7,40.9,-0.424
1.199,22.9,20.8,-0.38
2.572,15.2,41,-0.205
1.378,39.6,60.5,-0.101
0.145,26.8,46.3,-0.462
3.277,30.6,57.4,0.224
2.604,19.8,81.4,0.094
2.283,12.8,83.9,-0.084
4.838,39.3,38.6,0.555
2.899,18.6,52.3,0.025
4.331,22.7,58.4,0.418
0.783,29.5,86.4,-0.113
2.889,10.7,89.9,0.128
4.353,34.3,36.5,0.455
2.957,26.1,70.9,0.141
3.618,18.3,46.5,0.166
1.923,11.8,20.6,-0.478
0.553,14.9,20.6,-0.679
2.344,36.9,52.2,0.038
2.033,30.6,54.2,0.023
4.349,17.5,21.6,0.15
1.296,12,68.1,-0.281
4.837,30.7,40.6,0.422
4.795,27.2,59.2,0.512
1.313,22.1,41.1,-0.349
1.805,20.9,31.7,-0.252
4.488,16.5,48.5,0.256
4.836,30.1,36.3,0.516
2.273,39.1,57.4,0.049
1.673,15.3,33.9,-0.383
2.678,27.9,55.6,0.176
3.47,22.7,31,0.054
1.44,23.4,67,-0.209
3.709,17.6,72.8,0.293
0.353,34.8,27.7,-0.467
0.342,24.6,52.7,-0.464
1.993,26.3,25,-0.268
1.832,19.1,61.9,0.005
1.647,15.5,38.5,-0.336
2.506,12.6,56.9,-0.185
1.672,31.4,56.2,0.004
1.042,15.9,84.7,-0.179
1.616,30.7,58.4,-0.116
4.877,21.7,60.8,0.45
2.114,22.5,48.1,-0.078
2.279,24.1,86.4,0.116
2.925,21,74.4,0.071
4.918,13,40,0.403
1.284,19.3,79.1,-0.176
3.438,29.9,50.3,0.313
3.608,30,78,0.476
3.076,18.6,77.6,0.139
0.534,23.8,33.2,-0.438
3.417,15.8,69.1,0.154
0.414,16.3,40.3,-0.646
3.021,10.7,40.8,-0.106
3.724,36.9,40.7,0.337
1.134,16.3,70.8,-0.279
4.224,16.8,36.1,0.178
0.249,18.4,20.1,-0.609
4.235,13.8,70.1,0.341
2.356,29.2,32,-0.119
1.166,12.3,27.3,-0.472
0.756,14,36.6,-0.516
4.771,29.3,46.6,0.354
0.456,20.2,53.3,-0.419
1.076,31.2,23.1,-0.338
1.804,26.7,87.9,0.068
3.139,17.7,70.1,0.2
2.77,29.5,42.6,0.028
0.716,13.5,42.3,-0.493
1.52,26.1,51.4,-0.256
1.27,23.1,63.8,-0.176
1.146,18,30.2,-0.342
2.115,28.1,33.2,-0.18
3.55,36.1,80.2,0.434
1.166,40,37.9,-0.213
1.897,28.2,46.6,-0.099
2.015,22.1,81,-0.024
4.885,16.8,66.4,0.498
4.778,17.7,43.9,0.394
4.021,24.4,67.9,0.414
1.284,21,21.4,-0.515
0.433,37.4,71.5,-0.132
1.653,21,54.1,-0.142
1.407,21.2,76.9,-0.081
2.579,21.5,86.8,0.183
3.911,35.1,84.8,0.568
4.306,29.5,83.6,0.626
4.24,28.4,55.9,0.508
1.862,20,45.2,-0.249
3.467,34.5,52.6,0.355
1.633,11.2,68.3,-0.224
0.398,36.1,81.9,-0.156
3.538,25.4,34.5,0.057
0.148,21.9,84.3,-0.344
2.105,24.9,77.1,0.006
1.714,30,88.5,0.062
3.498,10.4,81.6,0.157
3.855,36.1,39.6,0.308
1.59,23.4,27.4,-0.331
4.077,20.3,27.9,0.163
1.54,14.1,40.4,-0.43
2.287,23.2,63,-0.068
3.662,24.9,76.3,0.381
3.495,22.1,82.9,0.295
4.938,30.4,63.7,0.664
1.203,22.6,20.4,-0.42
3.345,38.8,33,0.252
3.087,28,27,0.103
4.584,34.2,45.4,0.47
0.866,13.3,55.1,-0.447
3.784,21.9,23,0.134
2.885,20.1,44.4,0.025
1.446,27.1,32.5,-0.287
2.425,35.8,65.3,0.239
1.736,12.4,52.5,-0.277
2.939,12.2,54.7,-0.015
4.456,35.5,49.9,0.497
2.89,16.4,86.9,0.13
3.195,30.1,35,0.119
2.642,26.3,56.2,0.142
0.351,35,71.5,-0.2
1.241,13.8,59,-0.317
2.511,13.9,85,0.058
1.62,26.7,46.5,-0.16
0.991,38.4,52.5,-0.118
2.57,22.4,26.2,-0.101
1.682,19.8,62.6,-0.169
1.365,28.2,40.2,-0.228
2.374,37.9,31.2,0.034
0.753,35.1,58.1,-0.258
4.646,39.9,57.3,0.623
4.352,10.7,25.3,-0.004
3.567,13.4,68.9,0.216
0.62,28.3,63.7,-0.241
3.902,34.6,33.2,0.33
4.059,18.6,52.9,0.243
3.862,17.2,70.4,0.312
0.658,33.6,57.1,-0.176
3.255,11.7,47.7,0.077
4.188,21.1,42.6,0.26
2.929,25.2,62.7,0.158
3.267,26.8,85.7,0.405
2.346,31.9,67,0.048
2.691,20.6,25.2,-0.146
0.268,28.4,52.2,-0.335
3.231,27.6,82.4,0.383
0.499,26.4,26.6,-0.485
2.232,29.2,89.2,0.109
1.534,17.8,86.4,-0.086
2.773,12.5,25.5,-0.222
0.754,13.6,85.3,-0.27
3.489,16.7,45.4,0.051
3.996,25,79.1,0.393
0.9,35.2,49.3,-0.325
0.611,31,50.9,-0.252
0.813,33.7,64.4,-0.198
4.398,20.5,74.2,0.463
2.688,22.1,22.4,-0.13
2.39,21.8,61.5,-0.05
0.623,15.8,33.1,-0.615
3.283,11.8,44.2,-0.055
4.353,27.7,44.4,0.333
4.158,39.7,52.8,0.511
3.168,15,43.4,-0.039
0.469,11.4,27.5,-0.567
0.651,33.4,30.2,-0.333
0.342,17.6,22.3,-0.604
1.362,34.9,52.9,-0.12
0.765,31.1,86.8,-0.026
1.374,38.4,28.1,-0.212
1.987,22.3,86.2,0.05
4.721,29.9,71.3,0.608
3.091,23.9,64.6,0.215
4.191,28.9,65.2,0.485
3.581,23.5,77.9,0.317
0.651,15.7,27.5,-0.602
3.706,25.2,55.3,0.302
1.448,25.9,68.8,-0.072
3.232,34.3,61.1,0.275
1.771,32.1,78.3,-0.013
4.989,29.9,25.1,0.412
1.391,13.4,68.3,-0.215
1.468,31.6,57.4,-0.013
4.66,25,46.5,0.355
0.221,36.8,43.8,-0.39
3.514,37.6,63.5,0.377
3.654,11.7,82.4,0.328
4.198,34.6,54.7,0.457
4.875,11.1,77.7,0.429
4.88,21,48.2,0.455
0.42,26.3,27.2,-0.537
4.127,14.4,24.3,0.03
3.267,32.4,23.6,0.051
3.272,10.3,46.6,0.077
0.729,15.1,43.6,-0.466
3.286,27.4,70.3,0.288
4.914,31.4,72,0.644
4.568,37.5,23.6,0.421
2.252,31.2,35.5,-0.046
0.296,30.2,39.2,-0.428
1.875,21.8,58.3,-0.11
4.149,10,30.1,0.124
3.537,13.6,29.4,-0.008
2.351,26,86.1,0.112
0.37,30.3,76.3,-0.272
2.192,22.5,32.6,-0.273
2.398,31.9,48.5,0.142
4.65,25.7,44.9,0.455
3.241,12.2,75.4,0.106
1.627,15.8,55.7,-0.252
2.674,35.2,28.9,-0.001
0.424,31.7,71.7,-0.163
4.866,36.8,47.8,0.509
1.864,13.5,38.4,-0.294
2.442,39.7,46.3,0.111
1.841,16.3,54.8,-0.153
3.444,10.4,44,0.008
3.345,39.9,36.9,0.165
3.605,18.4,47.9,0.132
1.414,30,21.3,-0.359
1.647,15.3,74.1,-0.143
0.714,27.4,32,-0.351
3.312,37.1,23.1,0.062
0.295,19.6,65.8,-0.456
3.029,30.1,74.2,0.25
4.362,15.6,77,0.394
4.465,28.7,54.5,0.49
2.3,20.1,34.4,-0.176
2.351,16.3,71.6,0.012
0.477,19.4,69,-0.397
3.387,15.4,37.2,0.029
4.124,37.1,83.2,0.651
1.299,21.9,27.3,-0.421
2.164,17.4,88.8,0.09
4.21,23.5,80.2,0.481
4.398,19.6,68.2,0.469
1.292,32.3,85.7,0
2.798,39.1,70.6,0.323
1.043,23.1,33.3,-0.396
0.599,35.8,51,-0.272
4.564,27,25,0.321
4.12,14.7,47.3,0.234
3.824,30.7,71.9,0.369
0.339,25.4,47.1,-0.371
4.234,29.5,43.1,0.264
2.246,36.7,61.7,0.09
1.778,23.2,81.1,-0.012
2.778,37,23.3,0.063
0.548,32.5,47,-0.252
3.808,24.7,31.1,0.071
2.954,28.1,68.7,0.19
1.014,19.8,27.4,-0.569
1.022,39.5,66.5,-0.067
1.003,30,40,-0.286
0.379,11.3,33.9,-0.562
2.98,19.8,85.5,0.228
4.218,28.7,21.3,0.289
0.186,11.7,50.6,-0.564
0.34,10.7,21.5,-0.739
2.907,23.5,53.9,0.015
4.116,20,55.1,0.312
1.701,23.1,42.5,-0.291
1.813,17.9,29.3,-0.247
3.022,14.9,46.3,-0.023
1.444,30.7,67.1,-0.009
0.23,25.4,74.8,-0.35
3.703,16,57.2,0.2
3.166,19.6,61.3,0.146
2.946,27.8,34,0.035
3.734,12.2,40.1,0.048
3.409,14.4,31.3,0.002
1.109,12.2,37.5,-0.515
1.827,34.4,35.7,-0.173
0.718,32.6,56.4,-0.186
0.736,32.6,59.4,-0.193
3.413,31.5,86.1,0.431
4.307,30.1,33.7,0.414
4.817,24.3,64.9,0.518
3.179,29.3,77.2,0.381
1.002,11.2,59.2,-0.383
0.618,28.6,37.9,-0.452
4.083,33.3,38.4,0.434
2.936,25,22.7,0
3.13,20.7,41.4,0.034
3.929,18.3,72.1,0.366
3.546,29.3,23.3,0.099
4.189,30.8,35.4,0.364
0.375,36.1,69.4,-0.337
3.763,20.3,74.8,0.279
4.269,33.1,51.9,0.493
1.502,26.8,68.9,-0.1
3.238,36.5,47.2,0.259
1.639,25.8,31.2,-0.326
4.794,25.5,47.9,0.546
0.264,27.3,60.6,-0.312
2.941,32.5,86.4,0.335
0.916,38.9,24.8,-0.324
3.59,12.2,55.5,0.169
0.962,11.6,43,-0.377
1.253,38.1,55.6,-0.043
2.522,25.9,21.7,-0.02
4.583,28.4,41.9,0.364
1.137,24.5,77.4,-0.182
0.807,12.8,58.8,-0.476
3.819,33,51.5,0.373
2.553,32.4,40,0.043
4.568,19.4,40.9,0.305
0.818,19.2,46.8,-0.37
3.265,35.1,78.5,0.458
1.241,12.2,87.7,-0.268
0.868,36.4,50.7,-0.239
3.449,17.7,47.5,0.145
3.009,27.8,79.3,0.253
3.799,38.1,49.9,0.35
1.616,30.3,58.6,-0.03
2.295,22.4,36.2,-0.2
2.087,30.7,72,0.069
4.922,20.3,57.2,0.49
1.532,18.3,76.6,-0.156
1.545,39.9,74.7,0.121
1.837,32.5,35.1,-0.161
2.867,29.3,70.1,0.287
1.336,20.7,76,-0.152
4.585,11.5,44.2,0.287
1.402,10.9,32.1,-0.413
4.489,26.6,20.2,0.233
0.607,32.9,51.6,-0.394
3.317,26.1,44.7,0.166
4.544,35.2,58.8,0.558
0.927,11,33.2,-0.511
4.845,21,80.2,0.569
2.319,17.1,38,-0.197
4.734,23.4,35.9,0.461
3.416,12.2,53.6,0
1.578,38.6,54.9,0.013
1.023,16.7,35.1,-0.482
1.588,37.7,39,-0.127
0.556,22.8,31.9,-0.517
0.805,39.6,70.3,-0.132
0.613,26.6,73.9,-0.213
2.172,37.9,52.4,0.145
3.998,10.2,70,0.275
0.793,32.4,71.5,-0.155
0.739,37.1,29.7,-0.382
3.253,14.2,87.6,0.256
1.066,12.9,77.5,-0.162
0.578,22.7,34.3,-0.505
0.918,38,33,-0.29
4.626,26.3,28.8,0.304
4.125,25.8,29.7,0.207
1.835,14.2,72.4,-0.266
3.314,10,52.9,0.048
2.733,34.3,74.8,0.221
3.418,12.6,72.2,0.09
3.445,29,62.3,0.328
3.181,37.4,68,0.296
1.404,16.3,21.3,-0.467
0.291,30,41.8,-0.359
2.332,12.4,64.6,-0.157
4.466,28.1,20.7,0.201
2.891,14.9,22.3,-0.148
4.179,32.1,79.6,0.612
4.959,19,67.9,0.443
0.902,23.9,38.6,-0.367
3.49,28,68.2,0.348
3.404,15.1,75.5,0.106
4.902,32.2,41.5,0.55
4.929,19.1,22.5,0.333
3.465,29.9,85.3,0.403
1.294,14.7,44.2,-0.311
4.013,30.6,27.5,0.303
0.624,13.8,54.4,-0.46
3.925,22.8,73.8,0.359
4.56,17.4,35.5,0.215
1.976,32.5,38.9,-0.087
3.19,17.9,37,0.03
2.208,36.5,89.4,0.237
2.245,36.8,33.8,-0.124
1.621,15.9,60.3,-0.152
3.834,28.4,84.8,0.484
4.687,12.6,30.3,0.196
4.71,21.7,88,0.642
0.956,31.4,86.3,0.013
4.386,29.8,81.9,0.445
3.713,28.7,35,0.226
1.339,18.5,64.4,-0.297
0.43,21.3,73.3,-0.31
1.413,13.1,89,-0.135
4.57,31.6,32.6,0.425
3.203,25.1,73.6,0.235
3.633,31.3,43.7,0.164
1.36,17.5,32.3,-0.414
3.625,19.7,49.5,0.19
0.238,20,75.6,-0.324
1.939,10.8,52.5,-0.3
3.171,20.2,57.6,0.176
0.816,34.1,89.7,-0.08
4.133,36.9,47.9,0.453
1.252,25.5,63.1,-0.205
3.296,23.7,45.6,0.133
2.085,10.9,47.5,-0.192
3.021,36.4,68.7,0.25
0.627,10.4,85.7,-0.376
0.183,38.3,58,-0.281
4.557,24.7,73.8,0.647
1.421,20.3,26.2,-0.425
4.116,37.7,34.8,0.476
4.997,10.7,55.1,0.482
1.136,27.4,21.4,-0.397
1.399,26.5,37.7,-0.282
3.348,16.6,56.2,0.082
4.831,22.9,21,0.297
4.587,29.6,38.5,0.336
2.564,31.8,56,0.107
3.996,10,60.1,0.275
0.765,38.1,84.8,-0.073
4.889,14.9,65.2,0.441
4.825,17,49,0.295
0.902,17.9,85.1,-0.196
1.567,11.1,74.9,-0.188
0.591,13.7,34,-0.572
1.431,39.6,29.2,-0.183
4.098,19.5,67.3,0.336
1.954,13.5,59.2,-0.153
0.533,13.2,75.3,-0.386
1.777,31.6,71.7,0.046
4.909,35.6,63.8,0.668
3.185,17.7,89,0.315
2.139,10.6,57.4,-0.145
0.916,16.7,27.9,-0.501
4.932,11.7,78,0.569
4.122,13.1,37.6,0.164
1.479,22.9,74.4,-0.038
0.443,16.9,87,-0.277
0.377,25.5,68.8,-0.418
0.69,17.6,61.7,-0.312
2.946,38.2,52.2,0.239
4.651,37.2,45.5,0.527
2.534,27,44.7,0.014
4.23,20.6,64.5,0.357
2.285,21.4,72.6,0.045
3.572,22.4,67.5,0.246
3.686,31.8,33.9,0.288
0.952,23.5,54.6,-0.307
1.87,35.7,75.4,0.089
3.223,38.3,53.3,0.248
0.446,20.1,57.6,-0.408
1.872,26.8,74,0.022
2.721,12.9,66.3,0.024
4.982,16,48.7,0.349
2.425,22.4,82.7,0.042
4.099,16.2,31.4,0.17
2.217,36.3,89.7,0.329
4.002,14.7,28.3,0.038
3.018,23.7,21,0.025
4.444,28.2,82.3,0.596
2.114,30.8,37.1,-0.084
3.061,21.5,71.1,0.163
3.187,36.1,76.8,0.313
2.145,27,80.1,0.149
0.807,23.2,89.4,-0.198
0.558,12,40.6,-0.604
0.182,23.9,69.7,-0.327
4.38,34.6,28.1,0.268
1.259,28.4,48.5,-0.298
1.136,35,79.4,-0.027
3.707,24.8,45.7,0.233
1.668,13.6,61.4,-0.199
2.58,10.4,55.3,-0.119
0.896,19.1,65.2,-0.177
4.803,30.9,88.1,0.699
4.273,33.7,23.9,0.3
4.333,18.9,60.2,0.317
2.093,24.9,80.4,0.076
3.836,22.6,53.7,0.292
0.805,22.3,25.5,-0.428
0.142,16.9,59.2,-0.581
0.198,14.1,43.2,-0.616
2.974,15.9,30.8,-0.07
2.331,11.7,79.4,0.01
2.638,15.9,56.5,-0.031
0.137,10.3,85.3,-0.416
2.171,28.8,76.4,0.064
3.619,19.5,68.5,0.339
2.269,39.2,20.4,-0.003
3.688,15.8,49.9,0.078
1.242,20.4,33.8,-0.432
4.084,20.7,83.8,0.39
2.983,10.3,32.2,-0.106
1.133,35.2,40,-0.286
1.26,11,56.2,-0.374
3.177,38.2,38.4,0.232
4.167,36.8,34.7,0.372
2.137,26.1,61.9,0.011
1.366,26.3,26.2,-0.386
4.348,29.6,24.1,0.316
3.379,21.6,46.1,0.092
2.296,29.4,70.4,0.089
2.491,11.3,58.8,-0.083
1.101,11.6,49.6,-0.411
3.171,23.7,59.6,0.17
1.858,26.5,45.6,-0.173
4.979,36.6,85.5,0.774
2.453,13.1,23.8,-0.259
2.481,34.7,67.1,0.11
2.873,16.3,82.4,0.126
4.592,21.8,76.3,0.537
4.024,19.5,32.9,0.1
2.311,22,40.7,-0.056
3.622,14.5,70.2,0.284
2.973,25.1,25.9,-0.087
2.513,34,76.8,0.294
1.042,23.2,70.3,-0.215
2.373,24.7,71.1,0.098
1.305,35.5,27,-0.274
4.583,31.2,70.2,0.626
1.743,24.7,67.6,-0.046
4.766,17.7,78.2,0.48
2.712,36.5,22.9,-0.036
3.195,27.3,21.6,-0.053
2.76,16.6,46.1,-0.042
0.734,18.1,30.4,-0.492
1.942,34.1,59.1,0.057
0.586,11.3,84.2,-0.355
3.152,39.8,47.4,0.208
2.29,13.9,79.1,-0.042
3.912,33.9,20,0.279
1.18,21.8,31.8,-0.411
0.906,24.8,22.1,-0.453
2.091,36.4,43,-0.057
4.64,22.4,83.6,0.587
3.581,26.1,26.8,0.088
2.153,11.5,62.4,-0.09
2.635,10.1,51.6,-0.075
0.513,17.3,85.7,-0.321
4.924,30.4,28.6,0.425
3.365,13.6,34.8,-0.045
1.498,13.4,22.1,-0.527
2.97,22.3,50.4,0.026
0.636,29.4,39.4,-0.372
4.833,31.4,80.9,0.701
0.956,15.4,62.3,-0.336
3.275,12.4,63,0.079
1.303,38.2,57.2,-0.025
3.616,17.8,26.4,0.036
3.906,35.6,51.2,0.428
3.4,35.9,90,0.4
3.111,33.2,78.5,0.151
4.473,15.1,82.5,0.472
0.485,34.7,77.6,-0.239
1.721,33.1,27.2,-0.199
1.317,27.9,35.9,-0.293
4.941,20.1,20.2,0.37
2.008,17.9,41.2,-0.193
3.69,13.7,27.6,0.021
3.455,25.3,53.1,0.251
1.139,27.6,67.4,-0.141
1.271,20.8,81.2,-0.155
1.478,24.3,72.4,-0.046
2.115,20.9,85.7,0.005
1.248,29.2,23.8,-0.323
0.196,37,20.9,-0.564
4.409,14.9,66.3,0.372
4.831,21.4,40.3,0.391
1.774,14.2,37.7,-0.231
1.759,28.7,43.2,-0.223
0.135,31.9,38.9,-0.49
3.433,38,55.8,0.387
4.145,18.4,50.8,0.284
0.818,38.5,55.9,-0.163
0.882,11.9,67.1,-0.417
3.971,28.1,47.1,0.281
3.12,11.7,37.6,-0.009
0.32,36.8,31.6,-0.413
3.15,25.9,44.5,0.13
1.614,30.1,71.9,-0.022
1.907,34.9,73,0.036
3.872,14.5,66.7,0.3
4.074,11.2,36.4,0.134
2.062,36.4,61.2,0.198
4.741,19.4,59.9,0.391
2.092,13.9,53.9,-0.132
3.882,24.1,58.5,0.244
2.471,27.9,54.4,0.053
4.498,10.9,59.6,0.355
4.548,18.2,70.1,0.338
0.528,11,27.7,-0.656
4.689,22.6,72.5,0.498
4.145,36.9,29.5,0.31
3.977,39.5,24.7,0.333
1.084,29.1,88.3,0.005
4.045,14.8,87,0.385
4.266,37.2,24.2,0.356
1.517,25.5,51,-0.181
4.766,14.6,33,0.264
0.344,37.7,54,-0.339
0.835,32.7,78.1,-0.06
2.734,32,86.5,0.314
2.921,31.3,64.4,0.239
3.261,16,44.8,-0.004
0.183,16.3,62.2,-0.512
4.806,30.6,41.8,0.467
0.318,16.6,83.7,-0.429
0.801,23.2,80.9,-0.288
0.169,33.5,59.1,-0.366
2.878,33.5,42.7,0.15
4.668,23.6,40.5,0.339
3.363,33.8,22.3,0.071
4.131,35.2,77.1,0.523
0.165,29.6,51.5,-0.436
2.756,16.9,42.8,-0.083
2.352,18.2,53,0.026
2.545,19.4,77.3,0.142
0.454,13.5,28.7,-0.579
3.454,18.2,80,0.331
2.566,16.3,82.8,0.04
3.849,23.7,86.3,0.377
2.478,37.3,47.8,0.052
0.832,13.1,35.2,-0.46
3.276,31.6,46.2,0.175
0.945,30.6,43.3,-0.351
4.375,12.9,32.3,0.144
3.104,37.7,62.5,0.298
0.87,27.1,53.4,-0.275
4.815,20.9,80.6,0.588
2.64,32.7,22.2,-0.075
0.457,17.7,65.1,-0.372
3.171,30.8,73.4,0.277
1.341,11.2,73.2,-0.262
4.038,35.2,82,0.604
4.107,23.4,71,0.378
4.897,29.1,84.9,0.666
2.559,16.6,43.3,-0.076
2.329,30.3,55.2,0.002
3.792,33.2,21,0.176
0.749,24.2,20.5,-0.478
2.78,28.5,36.8,0.128
2.777,23.7,27.1,-0.042
0.538,36.8,38.2,-0.31
2.148,24.9,32.4,-0.133
4.281,35.3,22,0.266
4.295,34,83.7,0.623
0.586,22.3,20.6,-0.558
0.545,16.9,71.5,-0.348
1.387,22.2,30.7,-0.341
4.386,34.8,83.9,0.664
0.732,16.8,82.5,-0.289
3.628,25.7,65.8,0.315
0.596,34.2,67.1,-0.265
3.153,20.6,20.4,-0.077
1.845,29.3,88.9,0.176
3.966,17.4,81.4,0.39
1.245,13.3,82.7,-0.206
3.232,33.8,66.1,0.41
1.255,13,44.1,-0.467
3.597,18.1,82.6,0.258
4.381,35.7,40.4,0.521
0.721,20.4,59.4,-0.353
4.346,39.2,27,0.384
3.009,39.4,84.5,0.358
0.723,18,29.9,-0.504
2.195,11.2,35.7,-0.243
0.888,31.2,59.1,-0.27
3.532,23.5,73.5,0.302
3.818,13,63.4,0.194
0.618,31.2,36.2,-0.371
2.58,10.9,20.1,-0.33
4.092,36.1,73,0.607
4.687,14.2,89,0.57
2.616,13.8,76.7,0.027
4.756,15.3,52.2,0.354
2.725,38.8,83.3,0.343
2.032,30.8,48.7,-0.081
4.256,34,56.7,0.453
2.516,21.9,53.4,-0.024
2.412,20.1,51.3,0.021
2.503,17,74.3,0.089
4.249,24.4,56.9,0.425
4.177,26.6,42.2,0.331
2.077,29,38.1,-0.16
1.733,17.7,22.6,-0.365
2.51,38.5,60.8,0.24
2.907,15.1,36.1,-0.15
1.268,39,30.4,-0.173
3.99,10.4,65.8,0.347
2.484,24.4,67.7,0.132
1.737,20,72.7,-0.018
0.623,23.5,55.3,-0.353
1.27,27.1,82.6,-0.014
4.751,23.1,85.5,0.573
1.595,22.4,76.5,-0.035
0.927,32,64.5,-0.139
2.357,30.6,41.3,-0.002
1.605,35,88.8,0.181
0.272,17.5,39.2,-0.602
1.683,28.3,34.2,-0.219
2.766,27.6,51,0.089
2.803,21.1,24,-0.16
1.847,24.6,88.5,0.069
2.292,19.4,61.2,-0.128
4.831,14.3,59,0.457
1.949,16.4,65.9,-0.114
1.365,13.2,54.8,-0.347
1.293,30.5,22.2,-0.367
2.343,29.8,62.9,0.069
3.822,38.5,70.1,0.534
1.109,31.9,49.2,-0.186
3.576,11.6,73,0.161
0.204,36.5,35.9,-0.457
2.153,35.9,35.5,0
3.902,23.3,31.3,0.134
1.76,27.6,46,-0.139
2.862,39.3,79.3,0.368
1.104,26,78,-0.114
3.736,37.2,46.8,0.396
0.356,12.5,61.2,-0.561
4.277,15.7,70.5,0.269
1.071,23.2,36.9,-0.398
4.385,27.5,31.8,0.401
1.827,34.5,88,0.252
3.641,39.6,63.2,0.532
1.664,21.7,88.7,-0.016
4.539,11.4,43.6,0.151
0.721,34,69.2,-0.287
0.975,28.1,35.6,-0.377
2.516,16,38.3,-0.155
0.501,24.8,55.8,-0.308
1.06,32.3,42.4,-0.21
4.724,33.1,31.7,0.446
4.885,25,38.4,0.375
1.944,19.2,22.5,-0.355
4.624,39.2,69.3,0.676
2.77,29.9,54.4,0.16
1.422,22.2,26.6,-0.341
3.542,18.4,32,0.001
3.329,31.9,27.2,0.153
4.947,17.3,62.9,0.498
1.399,15.2,26.6,-0.489
3.393,25.9,72.8,0.262
0.355,18.7,21.4,-0.601
0.657,28.9,37.5,-0.404
0.119,13.5,82.3,-0.35
4.997,29.6,70.3,0.672
4.031,18.5,25.1,0.092
3.955,10,77.5,0.278
2.598,13.8,54.5,-0.067
1.57,38,79.3,0.054
0.841,36,62.1,-0.207
1.495,17,67.7,-0.157
1.942,33.4,89.5,0.212
3.806,28.3,36.3,0.256
2.744,39.1,63.7,0.334
0.48,21.2,52.2,-0.458
0.188,30.4,22.8,-0.461
0.601,11.9,21,-0.701
2.111,21.9,28.3,-0.268
4.673,38.9,65.4,0.563
3.223,26.2,59.7,0.183
4.029,18.6,58.7,0.26
2.385,13.6,22.2,-0.25
1.872,31.1,52.9,-0.038
0.631,29.3,84.7,-0.217
4.392,21.2,47.8,0.31
3.937,38.5,63.7,0.472
0.924,10.7,74.6,-0.424
2.61,19.1,74.9,0.038
2.488,37.6,56.3,0.117
3.163,19.6,80.1,0.301
4.736,17.6,47.4,0.37
2.941,26,82.2,0.292
2.747,34.7,36.8,0.005
0.347,13.1,39.6,-0.542
0.408,38.3,23.7,-0.352
1.018,33.9,75.7,-0.179
0.259,15.4,49.2,-0.583
3.742,31.4,36,0.267
3.644,21.5,36.2,0.157
0.767,22.1,83.1,-0.244
4.197,33.5,78.4,0.551
0.858,38.9,58.7,-0.176
1.576,13.8,63.1,-0.226
1.32,22.6,53.2,-0.184
1.924,24.4,47.4,-0.173
1.348,21.3,84.1,-0.047
2.496,20.9,28.8,-0.187
2.096,11.6,49.3,-0.261
4.934,30.6,44.1,0.554
0.374,23.1,54.9,-0.374
0.797,15.8,52,-0.38
0.359,34.5,56.3,-0.367
3.167,34.1,29.8,0.1
0.367,24.6,55.9,-0.36
4.199,19,37,0.217
2.608,29.1,32.9,-0.077
2.682,18.6,24.5,-0.132
2.852,17.1,73.4,0.073
0.937,31.9,49.9,-0.154
1.069,11.2,63.9,-0.277
1.662,12.8,70.9,-0.155
3.008,10.2,67.6,0.11
1.13,14.6,52.9,-0.36
0.67,12.1,47.2,-0.471
4.854,39.9,46.3,0.675
0.208,18.7,64.8,-0.435
4.033,14.5,54.6,0.212
3.961,17.2,79.4,0.276
1.556,38.1,81.2,0.094
0.765,25.6,31.9,-0.39
0.814,20.9,29.5,-0.433
3.517,36.2,64.1,0.411
3.25,21.8,41.1,0.046
3.935,20.1,21.3,-0.004
4.694,16.2,82.2,0.487
3.49,21.3,35.9,0.075
0.864,19.5,85,-0.223
1.293,30.3,70.2,-0.056
4.227,18.7,73.4,0.499
1.126,27.3,34.1,-0.325
0.455,12,36.4,-0.618
3.546,15.7,56.5,0.136
2.072,22.2,32,-0.197
4.608,38.1,41.4,0.468
3.286,21.3,42.5,0.089
0.543,29.9,31.2,-0.414
4.744,17.7,34.4,0.308
1.367,13.8,75.2,-0.19
1.752,11.8,31.7,-0.351
2.071,19.2,22,-0.372
0.351,14.7,64.1,-0.43
2.533,15.2,88.3,0.067
0.704,32.8,43.2,-0.37
2.065,10.5,28.3,-0.396
1.818,26.7,59.9,-0.048
3.887,21.4,83.4,0.397
4.036,25.2,74.9,0.35
0.852,26.9,63.6,-0.219
1.896,19.4,42.1,-0.288
1.929,18.9,57.9,-0.129
0.842,32,26.4,-0.368
4.012,36.1,67.5,0.545
3.565,15.8,70.8,0.314
1.033,12.9,87.6,-0.295
1.897,36.9,38.2,-0.063
0.618,20.5,21.3,-0.579
3.178,26.5,58.2,0.213
0.695,20.8,69.5,-0.295
4.931,13.8,75.3,0.483
3.925,27.7,33.6,0.208
2.012,25.8,38.3,-0.204
2.935,16.1,55.9,0.077
4.566,23.6,43.1,0.388
2.815,33.9,80.2,0.349
0.955,27.7,53.2,-0.282
1.956,12.9,76,-0.133
4.231,26.4,60.6,0.359
3.257,31.1,74.1,0.351
3.289,33.8,43.3,0.16
4.347,28.9,78.2,0.642
4.48,14.6,39.2,0.173
4.607,31.3,58.2,0.539
0.565,30.3,35,-0.331
2.766,10.7,53.3,-0.043
3.728,22.4,42.3,0.19
3.809,20,38.7,0.107
3.073,30.1,87.7,0.285
